x-axis,3,1
-250.0000E-09,-75.0000476837E-03,-5.6250013877E-03
-249.5000E-09,-75.0000476837E-03,-5.6250013877E-03
-249.0000E-09,-106.2500476837E-03,-5.6250013877E-03
-248.5000E-09,-75.0000476837E-03,-5.6250013877E-03
-248.0000E-09,-75.0000476837E-03,-5.6250013877E-03
-247.5000E-09,-106.2500476837E-03,-8.7500014342E-03
-247.0000E-09,-75.0000476837E-03,-5.6250013877E-03
-246.5000E-09,-106.2500476837E-03,-8.7500014342E-03
-246.0000E-09,-106.2500476837E-03,-5.6250013877E-03
-245.5000E-09,-75.0000476837E-03,-5.6250013877E-03
-245.0000E-09,-75.0000476837E-03,-2.5000013411E-03
-244.5000E-09,-106.2500476837E-03,+624.9987055E-06
-244.0000E-09,-106.2500476837E-03,+624.9987055E-06
-243.5000E-09,-106.2500476837E-03,+3.7499987520E-03
-243.0000E-09,-75.0000476837E-03,+6.8749987986E-03
-242.5000E-09,-75.0000476837E-03,+3.7499987520E-03
-242.0000E-09,-106.2500476837E-03,+3.7499987520E-03
-241.5000E-09,-43.7500476837E-03,+6.8749987986E-03
-241.0000E-09,-106.2500476837E-03,+3.7499987520E-03
-240.5000E-09,-75.0000476837E-03,+624.9987055E-06
-240.0000E-09,-106.2500476837E-03,+624.9987055E-06
-239.5000E-09,-106.2500476837E-03,-5.6250013877E-03
-239.0000E-09,-75.0000476837E-03,-5.6250013877E-03
-238.5000E-09,-137.5000476837E-03,-8.7500014342E-03
-238.0000E-09,-106.2500476837E-03,-8.7500014342E-03
-237.5000E-09,-75.0000476837E-03,-8.7500014342E-03
-237.0000E-09,-106.2500476837E-03,-8.7500014342E-03
-236.5000E-09,-75.0000476837E-03,-5.6250013877E-03
-236.0000E-09,-106.2500476837E-03,-8.7500014342E-03
-235.5000E-09,-106.2500476837E-03,-5.6250013877E-03
-235.0000E-09,-106.2500476837E-03,-5.6250013877E-03
-234.5000E-09,-75.0000476837E-03,-2.5000013411E-03
-234.0000E-09,-106.2500476837E-03,-2.5000013411E-03
-233.5000E-09,-75.0000476837E-03,+624.9987055E-06
-233.0000E-09,-106.2500476837E-03,+624.9987055E-06
-232.5000E-09,-43.7500476837E-03,+3.7499987520E-03
-232.0000E-09,-106.2500476837E-03,+3.7499987520E-03
-231.5000E-09,-106.2500476837E-03,+624.9987055E-06
-231.0000E-09,-75.0000476837E-03,+624.9987055E-06
-230.5000E-09,-106.2500476837E-03,-2.5000013411E-03
-230.0000E-09,-75.0000476837E-03,-2.5000013411E-03
-229.5000E-09,-75.0000476837E-03,-5.6250013877E-03
-229.0000E-09,-106.2500476837E-03,-8.7500014342E-03
-228.5000E-09,-75.0000476837E-03,-8.7500014342E-03
-228.0000E-09,-106.2500476837E-03,-8.7500014342E-03
-227.5000E-09,-106.2500476837E-03,-8.7500014342E-03
-227.0000E-09,-75.0000476837E-03,-5.6250013877E-03
-226.5000E-09,-75.0000476837E-03,-5.6250013877E-03
-226.0000E-09,-75.0000476837E-03,-8.7500014342E-03
-225.5000E-09,-75.0000476837E-03,-5.6250013877E-03
-225.0000E-09,-106.2500476837E-03,-2.5000013411E-03
-224.5000E-09,-75.0000476837E-03,-2.5000013411E-03
-224.0000E-09,-106.2500476837E-03,+3.7499987520E-03
-223.5000E-09,-106.2500476837E-03,+624.9987055E-06
-223.0000E-09,-75.0000476837E-03,+3.7499987520E-03
-222.5000E-09,-106.2500476837E-03,+3.7499987520E-03
-222.0000E-09,-106.2500476837E-03,+624.9987055E-06
-221.5000E-09,-75.0000476837E-03,+3.7499987520E-03
-221.0000E-09,-106.2500476837E-03,+624.9987055E-06
-220.5000E-09,-75.0000476837E-03,+624.9987055E-06
-220.0000E-09,-106.2500476837E-03,-5.6250013877E-03
-219.5000E-09,-106.2500476837E-03,-8.7500014342E-03
-219.0000E-09,-106.2500476837E-03,-5.6250013877E-03
-218.5000E-09,-106.2500476837E-03,-5.6250013877E-03
-218.0000E-09,-106.2500476837E-03,-8.7500014342E-03
-217.5000E-09,-75.0000476837E-03,-8.7500014342E-03
-217.0000E-09,-106.2500476837E-03,-8.7500014342E-03
-216.5000E-09,-43.7500476837E-03,-5.6250013877E-03
-216.0000E-09,-106.2500476837E-03,-5.6250013877E-03
-215.5000E-09,-106.2500476837E-03,-8.7500014342E-03
-215.0000E-09,-75.0000476837E-03,-2.5000013411E-03
-214.5000E-09,-106.2500476837E-03,-2.5000013411E-03
-214.0000E-09,-75.0000476837E-03,+624.9987055E-06
-213.5000E-09,-75.0000476837E-03,+624.9987055E-06
-213.0000E-09,-75.0000476837E-03,+624.9987055E-06
-212.5000E-09,-106.2500476837E-03,+624.9987055E-06
-212.0000E-09,-75.0000476837E-03,-2.5000013411E-03
-211.5000E-09,-75.0000476837E-03,-2.5000013411E-03
-211.0000E-09,-75.0000476837E-03,+624.9987055E-06
-210.5000E-09,-75.0000476837E-03,+624.9987055E-06
-210.0000E-09,-75.0000476837E-03,-5.6250013877E-03
-209.5000E-09,-75.0000476837E-03,-5.6250013877E-03
-209.0000E-09,-106.2500476837E-03,-8.7500014342E-03
-208.5000E-09,-75.0000476837E-03,-5.6250013877E-03
-208.0000E-09,-106.2500476837E-03,-5.6250013877E-03
-207.5000E-09,-106.2500476837E-03,-8.7500014342E-03
-207.0000E-09,-75.0000476837E-03,-8.7500014342E-03
-206.5000E-09,-75.0000476837E-03,-8.7500014342E-03
-206.0000E-09,-75.0000476837E-03,-5.6250013877E-03
-205.5000E-09,-75.0000476837E-03,-8.7500014342E-03
-205.0000E-09,-75.0000476837E-03,-8.7500014342E-03
-204.5000E-09,-43.7500476837E-03,-8.7500014342E-03
-204.0000E-09,-75.0000476837E-03,-8.7500014342E-03
-203.5000E-09,-75.0000476837E-03,-8.7500014342E-03
-203.0000E-09,-106.2500476837E-03,-2.5000013411E-03
-202.5000E-09,-106.2500476837E-03,-2.5000013411E-03
-202.0000E-09,-106.2500476837E-03,-2.5000013411E-03
-201.5000E-09,-106.2500476837E-03,+624.9987055E-06
-201.0000E-09,-106.2500476837E-03,+624.9987055E-06
-200.5000E-09,-75.0000476837E-03,+624.9987055E-06
-200.0000E-09,-75.0000476837E-03,+624.9987055E-06
-199.5000E-09,-106.2500476837E-03,-2.5000013411E-03
-199.0000E-09,-106.2500476837E-03,+624.9987055E-06
-198.5000E-09,-106.2500476837E-03,-5.6250013877E-03
-198.0000E-09,-75.0000476837E-03,-2.5000013411E-03
-197.5000E-09,-75.0000476838E-03,-2.5000013411E-03
-197.0000E-09,-106.2500476837E-03,-5.6250013877E-03
-196.5000E-09,-75.0000476838E-03,-5.6250013877E-03
-196.0000E-09,-106.2500476837E-03,-8.7500014342E-03
-195.5000E-09,-106.2500476837E-03,-8.7500014342E-03
-195.0000E-09,-106.2500476837E-03,-8.7500014342E-03
-194.5000E-09,-75.0000476838E-03,-5.6250013877E-03
-194.0000E-09,-106.2500476837E-03,-8.7500014342E-03
-193.5000E-09,-106.2500476837E-03,-5.6250013877E-03
-193.0000E-09,-106.2500476837E-03,-8.7500014342E-03
-192.5000E-09,-75.0000476837E-03,-2.5000013411E-03
-192.0000E-09,-75.0000476837E-03,-2.5000013411E-03
-191.5000E-09,-75.0000476838E-03,-2.5000013411E-03
-191.0000E-09,-106.2500476837E-03,+624.9987055E-06
-190.5000E-09,-106.2500476837E-03,-2.5000013411E-03
-190.0000E-09,-75.0000476837E-03,+3.7499987520E-03
-189.5000E-09,-75.0000476837E-03,+3.7499987520E-03
-189.0000E-09,-75.0000476837E-03,+624.9987055E-06
-188.5000E-09,-75.0000476838E-03,+624.9987055E-06
-188.0000E-09,-106.2500476837E-03,-2.5000013411E-03
-187.5000E-09,-106.2500476837E-03,-2.5000013411E-03
-187.0000E-09,-106.2500476836E-03,-2.5000013411E-03
-186.5000E-09,-43.7500476838E-03,-5.6250013877E-03
-186.0000E-09,-75.0000476837E-03,-5.6250013877E-03
-185.5000E-09,-75.0000476838E-03,-5.6250013877E-03
-185.0000E-09,-137.5000476836E-03,-8.7500014342E-03
-184.5000E-09,-75.0000476838E-03,-5.6250013877E-03
-184.0000E-09,-106.2500476837E-03,-5.6250013877E-03
-183.5000E-09,-106.2500476837E-03,-8.7500014342E-03
-183.0000E-09,-75.0000476838E-03,-5.6250013877E-03
-182.5000E-09,-137.5000476837E-03,-2.5000013411E-03
-182.0000E-09,-106.2500476837E-03,-2.5000013411E-03
-181.5000E-09,-75.0000476838E-03,-2.5000013411E-03
-181.0000E-09,-106.2500476837E-03,+624.9987055E-06
-180.5000E-09,-75.0000476838E-03,+624.9987055E-06
-180.0000E-09,-106.2500476837E-03,-2.5000013411E-03
-179.5000E-09,-106.2500476837E-03,-2.5000013411E-03
-179.0000E-09,-75.0000476837E-03,+624.9987055E-06
-178.5000E-09,-75.0000476837E-03,+624.9987055E-06
-178.0000E-09,-75.0000476837E-03,+624.9987055E-06
-177.5000E-09,-43.7500476838E-03,+624.9987055E-06
-177.0000E-09,-75.0000476837E-03,-2.5000013411E-03
-176.5000E-09,-75.0000476838E-03,-2.5000013411E-03
-176.0000E-09,-106.2500476837E-03,-2.5000013411E-03
-175.5000E-09,-106.2500476837E-03,-2.5000013411E-03
-175.0000E-09,-75.0000476837E-03,-2.5000013411E-03
-174.5000E-09,-75.0000476838E-03,-8.7500014342E-03
-174.0000E-09,-106.2500476836E-03,-5.6250013877E-03
-173.5000E-09,-75.0000476838E-03,-8.7500014342E-03
-173.0000E-09,-106.2500476836E-03,-5.6250013877E-03
-172.5000E-09,-75.0000476838E-03,-5.6250013877E-03
-172.0000E-09,-106.2500476837E-03,-8.7500014342E-03
-171.5000E-09,-106.2500476837E-03,-2.5000013411E-03
-171.0000E-09,-106.2500476836E-03,-2.5000013411E-03
-170.5000E-09,-75.0000476837E-03,-2.5000013411E-03
-170.0000E-09,-75.0000476838E-03,+624.9987055E-06
-169.5000E-09,-106.2500476837E-03,+3.7499987520E-03
-169.0000E-09,-106.2500476836E-03,+624.9987055E-06
-168.5000E-09,-43.7500476839E-03,+3.7499987520E-03
-168.0000E-09,-106.2500476837E-03,+624.9987055E-06
-167.5000E-09,-106.2500476836E-03,-2.5000013411E-03
-167.0000E-09,-75.0000476838E-03,+624.9987055E-06
-166.5000E-09,-106.2500476836E-03,-2.5000013411E-03
-166.0000E-09,-75.0000476837E-03,+624.9987055E-06
-165.5000E-09,-75.0000476839E-03,-2.5000013411E-03
-165.0000E-09,-137.5000476835E-03,-2.5000013411E-03
-164.5000E-09,-43.7500476838E-03,-2.5000013411E-03
-164.0000E-09,-75.0000476838E-03,-8.7500014342E-03
-163.5000E-09,-106.2500476837E-03,-8.7500014342E-03
-163.0000E-09,-106.2500476836E-03,-5.6250013877E-03
-162.5000E-09,-75.0000476837E-03,-8.7500014342E-03
-162.0000E-09,-75.0000476836E-03,-5.6250013877E-03
-161.5000E-09,-43.7500476839E-03,-5.6250013877E-03
-161.0000E-09,-106.2500476836E-03,-5.6250013877E-03
-160.5000E-09,-75.0000476838E-03,-2.5000013411E-03
-160.0000E-09,-106.2500476837E-03,-2.5000013411E-03
-159.5000E-09,-106.2500476836E-03,-2.5000013411E-03
-159.0000E-09,-75.0000476838E-03,+624.9987055E-06
-158.5000E-09,-106.2500476836E-03,-2.5000013411E-03
-158.0000E-09,-75.0000476837E-03,+624.9987055E-06
-157.5000E-09,-75.0000476838E-03,+624.9987055E-06
-157.0000E-09,-106.2500476836E-03,+624.9987055E-06
-156.5000E-09,-75.0000476838E-03,+624.9987055E-06
-156.0000E-09,-106.2500476836E-03,-2.5000013411E-03
-155.5000E-09,-75.0000476837E-03,-2.5000013411E-03
-155.0000E-09,-75.0000476837E-03,-2.5000013411E-03
-154.5000E-09,-75.0000476837E-03,-2.5000013411E-03
-154.0000E-09,-75.0000476837E-03,-8.7500014342E-03
-153.5000E-09,-75.0000476838E-03,-8.7500014342E-03
-153.0000E-09,-106.2500476835E-03,-8.7500014342E-03
-152.5000E-09,-43.7500476839E-03,-8.7500014342E-03
-152.0000E-09,-106.2500476837E-03,-8.7500014342E-03
-151.5000E-09,-106.2500476837E-03,-8.7500014342E-03
-151.0000E-09,-106.2500476837E-03,-5.6250013877E-03
-150.5000E-09,-106.2500476836E-03,-5.6250013877E-03
-150.0000E-09,-75.0000476837E-03,-2.5000013411E-03
-149.5000E-09,-75.0000476837E-03,-2.5000013411E-03
-149.0000E-09,-75.0000476837E-03,+624.9987055E-06
-148.5000E-09,-75.0000476838E-03,+3.7499987520E-03
-148.0000E-09,-106.2500476837E-03,+3.7499987520E-03
-147.5000E-09,-106.2500476836E-03,+3.7499987520E-03
-147.0000E-09,-75.0000476837E-03,+3.7499987520E-03
-146.5000E-09,-75.0000476838E-03,+3.7499987520E-03
-146.0000E-09,-106.2500476836E-03,+624.9987055E-06
-145.5000E-09,-75.0000476838E-03,+624.9987055E-06
-145.0000E-09,-106.2500476835E-03,-2.5000013411E-03
-144.5000E-09,-43.7500476838E-03,-2.5000013411E-03
-144.0000E-09,-75.0000476838E-03,-5.6250013877E-03
-143.5000E-09,-106.2500476836E-03,-8.7500014342E-03
-143.0000E-09,-75.0000476838E-03,-8.7500014342E-03
-142.5000E-09,-106.2500476837E-03,-8.7500014342E-03
-142.0000E-09,-106.2500476836E-03,-8.7500014342E-03
-141.5000E-09,-75.0000476838E-03,-8.7500014342E-03
-141.0000E-09,-106.2500476836E-03,-8.7500014342E-03
-140.5000E-09,-75.0000476838E-03,-5.6250013877E-03
-140.0000E-09,-106.2500476837E-03,-8.7500014342E-03
-139.5000E-09,-106.2500476836E-03,-5.6250013877E-03
-139.0000E-09,-75.0000476837E-03,-2.5000013411E-03
-138.5000E-09,-75.0000476837E-03,-2.5000013411E-03
-138.0000E-09,-75.0000476837E-03,+624.9987055E-06
-137.5000E-09,-75.0000476838E-03,+624.9987055E-06
-137.0000E-09,-106.2500476835E-03,+624.9987055E-06
-136.5000E-09,-43.7500476840E-03,+624.9987055E-06
-136.0000E-09,-106.2500476837E-03,+624.9987054E-06
-135.5000E-09,-106.2500476836E-03,-2.5000013411E-03
-135.0000E-09,-75.0000476838E-03,+624.9987054E-06
-134.5000E-09,-106.2500476836E-03,-5.6250013877E-03
-134.0000E-09,-75.0000476837E-03,-5.6250013877E-03
-133.5000E-09,-75.0000476838E-03,-5.6250013877E-03
-133.0000E-09,-106.2500476836E-03,-5.6250013877E-03
-132.5000E-09,-75.0000476838E-03,-2.5000013411E-03
-132.0000E-09,-106.2500476837E-03,-5.6250013877E-03
-131.5000E-09,-106.2500476836E-03,-2.5000013411E-03
-131.0000E-09,-75.0000476837E-03,-2.5000013411E-03
-130.5000E-09,-75.0000476838E-03,-2.5000013411E-03
-130.0000E-09,-106.2500476836E-03,+624.9987054E-06
-129.5000E-09,-75.0000476838E-03,-2.5000013411E-03
-129.0000E-09,-106.2500476836E-03,-2.5000013411E-03
-128.5000E-09,-75.0000476838E-03,-2.5000013411E-03
-128.0000E-09,-106.2500476837E-03,-2.5000013411E-03
-127.5000E-09,-106.2500476837E-03,-2.5000013411E-03
-127.0000E-09,-106.2500476837E-03,-2.5000013411E-03
-126.5000E-09,-106.2500476837E-03,-2.5000013411E-03
-126.0000E-09,-106.2500476836E-03,-2.5000013411E-03
-125.5000E-09,-75.0000476838E-03,-2.5000013411E-03
-125.0000E-09,-106.2500476836E-03,-2.5000013411E-03
-124.5000E-09,-75.0000476837E-03,-2.5000013411E-03
-124.0000E-09,-75.0000476839E-03,-5.6250013877E-03
-123.5000E-09,-106.2500476836E-03,-2.5000013411E-03
-123.0000E-09,-75.0000476837E-03,-2.5000013411E-03
-122.5000E-09,-75.0000476836E-03,-2.5000013411E-03
-122.0000E-09,-43.7500476837E-03,-2.5000013411E-03
-121.5000E-09,-43.7500476840E-03,-2.5000013411E-03
-121.0000E-09,-106.2500476834E-03,-2.5000013411E-03
-120.5000E-09,-43.7500476839E-03,-2.5000013411E-03
-120.0000E-09,-75.0000476837E-03,-2.5000013411E-03
-119.5000E-09,-75.0000476837E-03,-2.5000013411E-03
-119.0000E-09,-75.0000476837E-03,-2.5000013411E-03
-118.5000E-09,-75.0000476837E-03,-2.5000013411E-03
-118.0000E-09,-75.0000476837E-03,-2.5000013411E-03
-117.5000E-09,-75.0000476839E-03,-2.5000013411E-03
-117.0000E-09,-106.2500476836E-03,-2.5000013411E-03
-116.5000E-09,-75.0000476837E-03,-2.5000013411E-03
-116.0000E-09,-75.0000476837E-03,-2.5000013411E-03
-115.5000E-09,-75.0000476837E-03,-5.6250013877E-03
-115.0000E-09,-75.0000476837E-03,-2.5000013411E-03
-114.5000E-09,-75.0000476837E-03,+624.9987054E-06
-114.0000E-09,-75.0000476836E-03,-2.5000013411E-03
-113.5000E-09,-43.7500476840E-03,-2.5000013411E-03
-113.0000E-09,-106.2500476834E-03,-2.5000013411E-03
-112.5000E-09,-43.7500476840E-03,-2.5000013411E-03
-112.0000E-09,-106.2500476837E-03,+624.9987054E-06
-111.5000E-09,-106.2500476836E-03,-5.6250013877E-03
-111.0000E-09,-75.0000476840E-03,-2.5000013411E-03
-110.5000E-09,-137.5000476836E-03,-5.6250013877E-03
-110.0000E-09,-106.2500476836E-03,-2.5000013411E-03
-109.5000E-09,-75.0000476839E-03,-2.5000013411E-03
-109.0000E-09,-106.2500476836E-03,-2.5000013411E-03
-108.5000E-09,-75.0000476839E-03,-2.5000013411E-03
-108.0000E-09,-106.2500476837E-03,-2.5000013411E-03
-107.5000E-09,-106.2500476839E-03,-2.5000013411E-03
-107.0000E-09,-137.5000476836E-03,+624.9987055E-06
-106.5000E-09,-106.2500476837E-03,+624.9987055E-06
-106.0000E-09,-106.2500476836E-03,+624.9987055E-06
-105.5000E-09,-75.0000476839E-03,+624.9987054E-06
-105.0000E-09,-106.2500476836E-03,-2.5000013411E-03
-104.5000E-09,-75.0000476839E-03,+624.9987055E-06
-104.0000E-09,-106.2500476837E-03,+624.9987054E-06
-103.5000E-09,-106.2500476836E-03,-2.5000013411E-03
-103.0000E-09,-75.0000476837E-03,+624.9987054E-06
-102.5000E-09,-75.0000476839E-03,-5.6250013877E-03
-102.0000E-09,-106.2500476836E-03,-2.5000013411E-03
-101.5000E-09,-75.0000476839E-03,-2.5000013411E-03
-101.0000E-09,-106.2500476836E-03,-5.6250013877E-03
-100.5000E-09,-75.0000476837E-03,-5.6250013877E-03
-100.0000E-09,-75.0000476839E-03,-5.6250013877E-03
-99.5000E-09,-106.2500476836E-03,-5.6250013877E-03
-99.0000E-09,-75.0000476837E-03,-2.5000013411E-03
-98.5000E-09,-75.0000476839E-03,-2.5000013411E-03
-98.0000E-09,-106.2500476836E-03,+624.9987054E-06
-97.5000E-09,-75.0000476839E-03,-5.6250013877E-03
-97.0000E-09,-106.2500476836E-03,-2.5000013411E-03
-96.5000E-09,-75.0000476839E-03,+624.9987055E-06
-96.0000E-09,-106.2500476837E-03,+624.9987054E-06
-95.5000E-09,-106.2500476836E-03,-2.5000013411E-03
-95.0000E-09,-75.0000476839E-03,+624.9987055E-06
-94.5000E-09,-106.2500476837E-03,+624.9987055E-06
-94.0000E-09,-106.2500476836E-03,+624.9987054E-06
-93.5000E-09,-75.0000476839E-03,-5.6250013877E-03
-93.0000E-09,-106.2500476836E-03,-5.6250013877E-03
-92.5000E-09,-75.0000476839E-03,-5.6250013877E-03
-92.0000E-09,-106.2500476836E-03,-8.7500014342E-03
-91.5000E-09,-75.0000476839E-03,-2.5000013411E-03
-91.0000E-09,-106.2500476837E-03,-2.5000013411E-03
-90.5000E-09,-106.2500476837E-03,-2.5000013411E-03
-90.0000E-09,-106.2500476836E-03,-2.5000013411E-03
-89.5000E-09,-75.0000476840E-03,-2.5000013411E-03
-89.0000E-09,-137.5000476834E-03,-2.5000013411E-03
-88.5000E-09,-75.0000476838E-03,+624.9987055E-06
-88.0000E-09,-106.2500476837E-03,+624.9987054E-06
-87.5000E-09,-106.2500476836E-03,-2.5000013411E-03
-87.0000E-09,-75.0000476838E-03,+624.9987054E-06
-86.5000E-09,-106.2500476837E-03,-2.5000013411E-03
-86.0000E-09,-106.2500476837E-03,+624.9987054E-06
-85.5000E-09,-106.2500476837E-03,-2.5000013411E-03
-85.0000E-09,-106.2500476836E-03,+624.9987054E-06
-84.5000E-09,-75.0000476838E-03,-2.5000013411E-03
-84.0000E-09,-106.2500476837E-03,-5.6250013877E-03
-83.5000E-09,-106.2500476836E-03,-2.5000013411E-03
-83.0000E-09,-75.0000476838E-03,-2.5000013411E-03
-82.5000E-09,-106.2500476836E-03,-2.5000013411E-03
-82.0000E-09,-75.0000476836E-03,-5.6250013877E-03
-81.5000E-09,-43.7500476840E-03,-5.6250013877E-03
-81.0000E-09,-106.2500476835E-03,-5.6250013877E-03
-80.5000E-09,-43.7500476840E-03,-2.5000013411E-03
-80.0000E-09,-106.2500476837E-03,-2.5000013411E-03
-79.5000E-09,-106.2500476836E-03,-2.5000013411E-03
-79.0000E-09,-75.0000476838E-03,-2.5000013411E-03
-78.5000E-09,-106.2500476837E-03,-2.5000013411E-03
-78.0000E-09,-106.2500476836E-03,+624.9987054E-06
-77.5000E-09,-75.0000476837E-03,-2.5000013411E-03
-77.0000E-09,-75.0000476837E-03,+624.9987055E-06
-76.5000E-09,-75.0000476838E-03,+624.9987054E-06
-76.0000E-09,-106.2500476837E-03,-2.5000013411E-03
-75.5000E-09,-106.2500476835E-03,-2.5000013411E-03
-75.0000E-09,-43.7500476838E-03,-2.5000013411E-03
-74.5000E-09,-75.0000476837E-03,-2.5000013411E-03
-74.0000E-09,-75.0000476836E-03,-5.6250013877E-03
-73.5000E-09,-43.7500476840E-03,-5.6250013877E-03
-73.0000E-09,-106.2500476836E-03,-8.7500014342E-03
-72.5000E-09,-75.0000476837E-03,-5.6250013877E-03
-72.0000E-09,-75.0000476838E-03,-5.6250013877E-03
-71.5000E-09,-106.2500476836E-03,-8.7500014342E-03
-71.0000E-09,-75.0000476838E-03,-5.6250013877E-03
-70.5000E-09,-106.2500476837E-03,-5.6250013877E-03
-70.0000E-09,-106.2500476836E-03,-2.5000013411E-03
-69.5000E-09,-75.0000476837E-03,-5.6250013877E-03
-69.0000E-09,-75.0000476837E-03,-2.5000013411E-03
-68.5000E-09,-75.0000476837E-03,+624.9987054E-06
-68.0000E-09,-75.0000476838E-03,-2.5000013411E-03
-67.5000E-09,-106.2500476836E-03,+624.9987055E-06
-67.0000E-09,-75.0000476837E-03,+624.9987055E-06
-66.5000E-09,-75.0000476837E-03,+624.9987055E-06
-66.0000E-09,-75.0000476837E-03,+624.9987055E-06
-65.5000E-09,-75.0000476838E-03,+624.9987055E-06
-65.0000E-09,-106.2500476836E-03,+624.9987054E-06
-64.5000E-09,-75.0000476837E-03,-2.5000013411E-03
-64.0000E-09,-75.0000476838E-03,-2.5000013411E-03
-63.5000E-09,-106.2500476836E-03,-5.6250013877E-03
-63.0000E-09,-75.0000476838E-03,-5.6250013877E-03
-62.5000E-09,-106.2500476837E-03,-8.7500014342E-03
-62.0000E-09,-106.2500476836E-03,-5.6250013877E-03
-61.5000E-09,-75.0000476837E-03,-8.7500014342E-03
-61.0000E-09,-75.0000476837E-03,-8.7500014342E-03
-60.5000E-09,-75.0000476838E-03,-8.7500014342E-03
-60.0000E-09,-106.2500476836E-03,-8.7500014342E-03
-59.5000E-09,-75.0000476837E-03,-5.6250013877E-03
-59.0000E-09,-75.0000476837E-03,-2.5000013411E-03
-58.5000E-09,-75.0000476837E-03,+624.9987055E-06
-58.0000E-09,-75.0000476837E-03,+624.9987055E-06
-57.5000E-09,-75.0000476838E-03,+624.9987055E-06
-57.0000E-09,-106.2500476836E-03,+3.7499987520E-03
-56.5000E-09,-75.0000476837E-03,+3.7499987520E-03
-56.0000E-09,-75.0000476838E-03,+3.7499987520E-03
-55.5000E-09,-106.2500476836E-03,+624.9987055E-06
-55.0000E-09,-75.0000476838E-03,+6.8749987986E-03
-54.5000E-09,-106.2500476837E-03,-2.5000013411E-03
-54.0000E-09,-106.2500476837E-03,+624.9987054E-06
-53.5000E-09,-106.2500476838E-03,-2.5000013411E-03
-53.0000E-09,-137.5000476835E-03,-2.5000013411E-03
-52.5000E-09,-75.0000476838E-03,-2.5000013411E-03
-52.0000E-09,-106.2500476837E-03,-8.7500014342E-03
-51.5000E-09,-106.2500476837E-03,-5.6250013877E-03
-51.0000E-09,-106.2500476837E-03,-5.6250013877E-03
-50.5000E-09,-106.2500476837E-03,-5.6250013877E-03
-50.0000E-09,-106.2500476836E-03,-8.7500014342E-03
-49.5000E-09,-75.0000476838E-03,-5.6250013877E-03
-49.0000E-09,-106.2500476835E-03,-2.5000013411E-03
-48.5000E-09,-43.7500476840E-03,-2.5000013411E-03
-48.0000E-09,-106.2500476836E-03,-2.5000013411E-03
-47.5000E-09,-75.0000476837E-03,-2.5000013411E-03
-47.0000E-09,-75.0000476837E-03,+624.9987055E-06
-46.5000E-09,-75.0000476837E-03,+624.9987055E-06
-46.0000E-09,-75.0000476837E-03,+624.9987055E-06
-45.5000E-09,-75.0000476837E-03,+3.7499987520E-03
-45.0000E-09,-75.0000476836E-03,+624.9987055E-06
-44.5000E-09,-43.7500476838E-03,+624.9987054E-06
-44.0000E-09,-75.0000476837E-03,-5.6250013877E-03
-43.5000E-09,-75.0000476837E-03,-5.6250013877E-03
-43.0000E-09,-75.0000476837E-03,-5.6250013877E-03
-42.5000E-09,-75.0000476837E-03,-5.6250013877E-03
-42.0000E-09,-75.0000476836E-03,-11.8750014808E-03
-41.5000E-09,-43.7500476841E-03,-8.7500014342E-03
-41.0000E-09,-137.5000476834E-03,-8.7500014342E-03
-40.5000E-09,-43.7500476840E-03,-5.6250013877E-03
-40.0000E-09,-106.2500476837E-03,-5.6250013877E-03
-39.5000E-09,-106.2500476837E-03,-5.6250013877E-03
-39.0000E-09,-106.2500476837E-03,-2.5000013411E-03
-38.5000E-09,-106.2500476837E-03,+624.9987055E-06
-38.0000E-09,-106.2500476837E-03,+624.9987055E-06
-37.5000E-09,-106.2500476837E-03,+3.7499987520E-03
-37.0000E-09,-106.2500476837E-03,+3.7499987520E-03
-36.5000E-09,-106.2500476837E-03,+6.8749987986E-03
-36.0000E-09,-106.2500476837E-03,+3.7499987520E-03
-35.5000E-09,-106.2500476836E-03,+3.7499987520E-03
-35.0000E-09,-75.0000476837E-03,+624.9987055E-06
-34.5000E-09,-75.0000476838E-03,+624.9987054E-06
-34.0000E-09,-106.2500476836E-03,-5.6250013877E-03
-33.5000E-09,-75.0000476840E-03,-2.5000013411E-03
-33.0000E-09,-137.5000476835E-03,-8.7500014342E-03
-32.5000E-09,-75.0000476838E-03,-5.6250013877E-03
-32.0000E-09,-106.2500476836E-03,-8.7500014342E-03
-31.5000E-09,-75.0000476837E-03,-11.8750014808E-03
-31.0000E-09,-75.0000476837E-03,-8.7500014342E-03
-30.5000E-09,-75.0000476838E-03,-5.6250013877E-03
-30.0000E-09,-106.2500476836E-03,-5.6250013877E-03
-29.5000E-09,-75.0000476838E-03,-2.5000013411E-03
-29.0000E-09,-106.2500476836E-03,-5.6250013877E-03
-28.5000E-09,-75.0000476837E-03,-2.5000013411E-03
-28.0000E-09,-75.0000476837E-03,+624.9987055E-06
-27.5000E-09,-75.0000476838E-03,+3.7499987520E-03
-27.0000E-09,-106.2500476836E-03,+3.7499987520E-03
-26.5000E-09,-75.0000476837E-03,+3.7499987520E-03
-26.0000E-09,-75.0000476836E-03,+3.7499987520E-03
-25.5000E-09,-43.7500476840E-03,+624.9987055E-06
-25.0000E-09,-106.2500476835E-03,+624.9987054E-06
-24.5000E-09,-43.7500476838E-03,-2.5000013411E-03
-24.0000E-09,-75.0000476837E-03,-2.5000013411E-03
-23.5000E-09,-75.0000476837E-03,-5.6250013877E-03
-23.0000E-09,-75.0000476838E-03,-5.6250013877E-03
-22.5000E-09,-106.2500476836E-03,-2.5000013411E-03
-22.0000E-09,-75.0000476837E-03,-5.6250013877E-03
-21.5000E-09,-75.0000476837E-03,-5.6250013877E-03
-21.0000E-09,-75.0000476837E-03,-8.7500014342E-03
-20.5000E-09,-75.0000476838E-03,-5.6250013877E-03
-20.0000E-09,-106.2500476837E-03,-5.6250013877E-03
-19.5000E-09,-106.2500476836E-03,-2.5000013411E-03
-19.0000E-09,-75.0000476838E-03,-2.5000013411E-03
-18.5000E-09,-106.2500476836E-03,+624.9987055E-06
-18.0000E-09,-75.0000476836E-03,+624.9987055E-06
-17.5000E-09,-43.7500476840E-03,+624.9987055E-06
-17.0000E-09,-106.2500476835E-03,+624.9987055E-06
-16.5000E-09,-43.7500476840E-03,+624.9987055E-06
-16.0000E-09,-106.2500476837E-03,+624.9987055E-06
-15.5000E-09,-106.2500476836E-03,+624.9987055E-06
-15.0000E-09,-75.0000476838E-03,+624.9987054E-06
-14.5000E-09,-106.2500476837E-03,-5.6250013877E-03
-14.0000E-09,-106.2500476836E-03,-2.5000013411E-03
-13.5000E-09,-75.0000476837E-03,-2.5000013411E-03
-13.0000E-09,-75.0000476837E-03,-2.5000013411E-03
-12.5000E-09,-75.0000476838E-03,-2.5000013411E-03
-12.0000E-09,-106.2500476837E-03,-5.6250013877E-03
-11.5000E-09,-106.2500476836E-03,-2.5000013411E-03
-11.0000E-09,-75.0000476837E-03,-2.5000013411E-03
-10.5000E-09,-75.0000476837E-03,-2.5000013411E-03
-10.0000E-09,-75.0000476836E-03,-2.5000013411E-03
-9.5000E-09,-43.7500476840E-03,-2.5000013411E-03
-9.0000E-09,-106.2500476835E-03,-2.5000013411E-03
-8.5000E-09,-43.7500476840E-03,+624.9987055E-06
-8.0000E-09,-106.2500476837E-03,+624.9987054E-06
-7.5000E-09,-106.2500476835E-03,-2.5000013411E-03
-7.0000E-09,-43.7500476838E-03,+3.7499987520E-03
-6.5000E-09,-75.0000476838E-03,+3.7499987521E-03
-6.0000E-09,-106.2500476836E-03,+19.3749989849E-03
-5.5000E-09,-75.0000476838E-03,+34.9999992178E-03
-5.0000E-09,-106.2500476836E-03,+56.8749995438E-03
-4.5000E-09,-75.0000476837E-03,+88.1250000094E-03
-4.0000E-09,-75.0000476838E-03,+122.5000005217E-03
-3.5000E-09,-106.2500476837E-03,+166.2500011736E-03
-3.0000E-09,-106.2500476836E-03,+213.1250018721E-03
-2.5000E-09,-75.0000476838E-03,+253.7500024775E-03
-2.0000E-09,-106.2500476836E-03,+294.3750030828E-03
-1.5000E-09,-75.0000476838E-03,+335.0000036882E-03
-1.0000E-09,-106.2500476835E-03,+372.5000042469E-03
-500.0E-12,-43.7500476838E-03,+403.7500047126E-03
+0.0E+00,-75.0000476838E-03,+428.7500050851E-03
+500.0E-12,-106.2500476836E-03,+450.6250054110E-03
+1.0000E-09,-75.0000476838E-03,+466.2500056439E-03
+1.5000E-09,-106.2500476837E-03,+481.8750058767E-03
+2.0000E-09,-106.2500476836E-03,+491.2500060164E-03
+2.5000E-09,-75.0000476837E-03,+497.5000061095E-03
+3.0000E-09,-75.0000476838E-03,+500.6250061561E-03
+3.5000E-09,-106.2500476837E-03,+506.8750062492E-03
+4.0000E-09,-106.2500476838E-03,+506.8750062492E-03
+4.5000E-09,-137.5000476837E-03,+516.2500063889E-03
+5.0000E-09,-137.5000476837E-03,+519.3750064355E-03
+5.5000E-09,-137.5000476838E-03,+528.7500065752E-03
+6.0000E-09,-168.7500476836E-03,+535.0000066683E-03
+6.5000E-09,-137.5000476838E-03,+541.2500067614E-03
+7.0000E-09,-168.7500476836E-03,+544.3750068080E-03
+7.5000E-09,-137.5000476838E-03,+544.3750068080E-03
+8.0000E-09,-168.7500476837E-03,+547.5000068545E-03
+8.5000E-09,-168.7500476836E-03,+538.1250067148E-03
+9.0000E-09,-137.5000476838E-03,+525.6250065285E-03
+9.5000E-09,-168.7500476837E-03,+510.0000062957E-03
+10.0000E-09,-168.7500476837E-03,+491.2500060163E-03
+10.5000E-09,-168.7500476837E-03,+472.5000057369E-03
+11.0000E-09,-168.7500476836E-03,+453.7500054575E-03
+11.5000E-09,-137.5000476837E-03,+444.3750053178E-03
+12.0000E-09,-137.5000476837E-03,+431.8750051316E-03
+12.5000E-09,-137.5000476835E-03,+435.0000051782E-03
+13.0000E-09,-75.0000476836E-03,+444.3750053179E-03
+13.5000E-09,-43.7500476835E-03,+460.0000055508E-03
+14.0000E-09,+18.7499523166E-03,+478.7500058301E-03
+14.5000E-09,+112.4999523165E-03,+494.3750060630E-03
+15.0000E-09,+174.9999523168E-03,+510.0000062958E-03
+15.5000E-09,+299.9999523168E-03,+522.5000064820E-03
+16.0000E-09,+424.9999523168E-03,+528.7500065751E-03
+16.5000E-09,+549.9999523168E-03,+528.7500065751E-03
+17.0000E-09,+674.9999523169E-03,+525.6250065286E-03
+17.5000E-09,+831.2499523170E-03,+522.5000064820E-03
+18.0000E-09,+1.0187499523170E+00,+516.2500063888E-03
+18.5000E-09,+1.2062499523171E+00,+510.0000062957E-03
+19.0000E-09,+1.4249999523169E+00,+506.8750062492E-03
+19.5000E-09,+1.5812499523172E+00,+510.0000062958E-03
+20.0000E-09,+1.8312499523170E+00,+513.1250063423E-03
+20.5000E-09,+2.0187499523171E+00,+516.2500063889E-03
+21.0000E-09,+2.2374999523170E+00,+525.6250065286E-03
+21.5000E-09,+2.4249999523172E+00,+535.0000066683E-03
+22.0000E-09,+2.6749999523170E+00,+538.1250067149E-03
+22.5000E-09,+2.8624999523171E+00,+547.5000068545E-03
+23.0000E-09,+3.0812499523171E+00,+547.5000068545E-03
+23.5000E-09,+3.2999999523169E+00,+547.5000068545E-03
+24.0000E-09,+3.4562499523170E+00,+544.3750068079E-03
+24.5000E-09,+3.6437499523169E+00,+535.0000066682E-03
+25.0000E-09,+3.7999999523169E+00,+528.7500065751E-03
+25.5000E-09,+3.9562499523169E+00,+519.3750064354E-03
+26.0000E-09,+4.1124999523170E+00,+510.0000062957E-03
+26.5000E-09,+4.2999999523166E+00,+503.7500062026E-03
+27.0000E-09,+4.3937499523169E+00,+491.2500060163E-03
+27.5000E-09,+4.5499999523165E+00,+488.1250059698E-03
+28.0000E-09,+4.6124999523166E+00,+481.8750058767E-03
+28.5000E-09,+4.7062499523166E+00,+485.0000059232E-03
+29.0000E-09,+4.7999999523166E+00,+485.0000059232E-03
+29.5000E-09,+4.8937499523164E+00,+491.2500060164E-03
+30.0000E-09,+4.9249999523165E+00,+494.3750060629E-03
+30.5000E-09,+4.9874999523162E+00,+500.6250061561E-03
+31.0000E-09,+4.9562499523165E+00,+506.8750062492E-03
+31.5000E-09,+5.0187499523163E+00,+510.0000062958E-03
+32.0000E-09,+5.0187499523163E+00,+516.2500063889E-03
+32.5000E-09,+5.0187499523162E+00,+516.2500063889E-03
+33.0000E-09,+4.9874999523163E+00,+516.2500063889E-03
+33.5000E-09,+4.9874999523163E+00,+516.2500063888E-03
+34.0000E-09,+4.9874999523162E+00,+510.0000062957E-03
+34.5000E-09,+4.9562499523162E+00,+510.0000062957E-03
+35.0000E-09,+4.9249999523164E+00,+500.6250061560E-03
+35.5000E-09,+4.9562499523162E+00,+497.5000061094E-03
+36.0000E-09,+4.9249999523163E+00,+488.1250059698E-03
+36.5000E-09,+4.9249999523162E+00,+488.1250059698E-03
+37.0000E-09,+4.8937499523162E+00,+488.1250059698E-03
+37.5000E-09,+4.8624999523163E+00,+491.2500060163E-03
+38.0000E-09,+4.8624999523163E+00,+488.1250059698E-03
+38.5000E-09,+4.8624999523163E+00,+488.1250059698E-03
+39.0000E-09,+4.8624999523163E+00,+488.1250059698E-03
+39.5000E-09,+4.8624999523163E+00,+494.3750060629E-03
+40.0000E-09,+4.8624999523162E+00,+494.3750060629E-03
+40.5000E-09,+4.8312499523163E+00,+494.3750060629E-03
+41.0000E-09,+4.8312499523164E+00,+497.5000061095E-03
+41.5000E-09,+4.8624999523164E+00,+497.5000061095E-03
+42.0000E-09,+4.8937499523162E+00,+497.5000061095E-03
+42.5000E-09,+4.8624999523165E+00,+503.7500062026E-03
+43.0000E-09,+4.9249999523162E+00,+500.6250061561E-03
+43.5000E-09,+4.8937499523165E+00,+503.7500062026E-03
+44.0000E-09,+4.9562499523161E+00,+497.5000061095E-03
+44.5000E-09,+4.8937499523163E+00,+497.5000061095E-03
+45.0000E-09,+4.8937499523164E+00,+497.5000061095E-03
+45.5000E-09,+4.9249999523163E+00,+494.3750060629E-03
+46.0000E-09,+4.9249999523163E+00,+491.2500060163E-03
+46.5000E-09,+4.9249999523163E+00,+488.1250059698E-03
+47.0000E-09,+4.9249999523163E+00,+485.0000059232E-03
+47.5000E-09,+4.9249999523163E+00,+485.0000059232E-03
+48.0000E-09,+4.9249999523162E+00,+481.8750058766E-03
+48.5000E-09,+4.8937499523163E+00,+478.7500058301E-03
+49.0000E-09,+4.8937499523164E+00,+478.7500058301E-03
+49.5000E-09,+4.9249999523162E+00,+478.7500058301E-03
+50.0000E-09,+4.8937499523163E+00,+478.7500058301E-03
+50.5000E-09,+4.8937499523163E+00,+485.0000059232E-03
+51.0000E-09,+4.8937499523162E+00,+488.1250059698E-03
+51.5000E-09,+4.8624999523164E+00,+491.2500060164E-03
+52.0000E-09,+4.8937499523161E+00,+494.3750060629E-03
+52.5000E-09,+4.8312499523163E+00,+500.6250061561E-03
+53.0000E-09,+4.8312499523163E+00,+506.8750062492E-03
+53.5000E-09,+4.8312499523162E+00,+506.8750062492E-03
+54.0000E-09,+4.7999999523164E+00,+510.0000062957E-03
+54.5000E-09,+4.8312499523162E+00,+510.0000062957E-03
+55.0000E-09,+4.7999999523163E+00,+510.0000062957E-03
+55.5000E-09,+4.7999999523163E+00,+506.8750062492E-03
+56.0000E-09,+4.7999999523162E+00,+506.8750062492E-03
+56.5000E-09,+4.7687499523163E+00,+503.7500062026E-03
+57.0000E-09,+4.7687499523164E+00,+503.7500062026E-03
+57.5000E-09,+4.7999999523163E+00,+500.6250061560E-03
+58.0000E-09,+4.7999999523162E+00,+497.5000061095E-03
+58.5000E-09,+4.7687499523164E+00,+497.5000061095E-03
+59.0000E-09,+4.7999999523163E+00,+497.5000061095E-03
+59.5000E-09,+4.7999999523163E+00,+500.6250061560E-03
+60.0000E-09,+4.7999999523163E+00,+497.5000061095E-03
+60.5000E-09,+4.7999999523163E+00,+497.5000061095E-03
+61.0000E-09,+4.7999999523164E+00,+506.8750062492E-03
+61.5000E-09,+4.8312499523162E+00,+510.0000062957E-03
+62.0000E-09,+4.7999999523164E+00,+510.0000062958E-03
+62.5000E-09,+4.8312499523163E+00,+513.1250063423E-03
+63.0000E-09,+4.8312499523162E+00,+513.1250063423E-03
+63.5000E-09,+4.7999999523164E+00,+516.2500063889E-03
+64.0000E-09,+4.8312499523163E+00,+516.2500063889E-03
+64.5000E-09,+4.8312499523163E+00,+513.1250063423E-03
+65.0000E-09,+4.8312499523164E+00,+513.1250063423E-03
+65.5000E-09,+4.8624999523163E+00,+513.1250063423E-03
+66.0000E-09,+4.8624999523164E+00,+510.0000062957E-03
+66.5000E-09,+4.8937499523164E+00,+506.8750062492E-03
+67.0000E-09,+4.9249999523162E+00,+500.6250061561E-03
+67.5000E-09,+4.8937499523163E+00,+503.7500062026E-03
+68.0000E-09,+4.8937499523164E+00,+497.5000061095E-03
+68.5000E-09,+4.9249999523162E+00,+497.5000061095E-03
+69.0000E-09,+4.8937499523163E+00,+500.6250061560E-03
+69.5000E-09,+4.8937499523164E+00,+497.5000061095E-03
+70.0000E-09,+4.9249999523163E+00,+500.6250061560E-03
+70.5000E-09,+4.9249999523162E+00,+500.6250061560E-03
+71.0000E-09,+4.8937499523164E+00,+500.6250061560E-03
+71.5000E-09,+4.9249999523162E+00,+500.6250061561E-03
+72.0000E-09,+4.8937499523163E+00,+503.7500062026E-03
+72.5000E-09,+4.8937499523163E+00,+506.8750062492E-03
+73.0000E-09,+4.8937499523164E+00,+506.8750062492E-03
+73.5000E-09,+4.9249999523163E+00,+506.8750062492E-03
+74.0000E-09,+4.9249999523162E+00,+503.7500062026E-03
+74.5000E-09,+4.8937499523164E+00,+500.6250061560E-03
+75.0000E-09,+4.9249999523162E+00,+500.6250061560E-03
+75.5000E-09,+4.8937499523163E+00,+500.6250061560E-03
+76.0000E-09,+4.8937499523163E+00,+491.2500060164E-03
+76.5000E-09,+4.8937499523163E+00,+494.3750060629E-03
+77.0000E-09,+4.8937499523163E+00,+494.3750060629E-03
+77.5000E-09,+4.8937499523162E+00,+494.3750060629E-03
+78.0000E-09,+4.8624999523164E+00,+491.2500060164E-03
+78.5000E-09,+4.8937499523163E+00,+494.3750060629E-03
+79.0000E-09,+4.8937499523162E+00,+491.2500060163E-03
+79.5000E-09,+4.8624999523163E+00,+491.2500060163E-03
+80.0000E-09,+4.8624999523164E+00,+491.2500060163E-03
+80.5000E-09,+4.8937499523162E+00,+491.2500060163E-03
+81.0000E-09,+4.8624999523163E+00,+491.2500060164E-03
+81.5000E-09,+4.8624999523164E+00,+494.3750060629E-03
+82.0000E-09,+4.8937499523163E+00,+494.3750060629E-03
+82.5000E-09,+4.8937499523163E+00,+494.3750060629E-03
+83.0000E-09,+4.8937499523163E+00,+497.5000061095E-03
+83.5000E-09,+4.8937499523162E+00,+497.5000061095E-03
+84.0000E-09,+4.8624999523164E+00,+494.3750060629E-03
+84.5000E-09,+4.8937499523162E+00,+494.3750060629E-03
+85.0000E-09,+4.8624999523163E+00,+497.5000061095E-03
+85.5000E-09,+4.8624999523162E+00,+497.5000061095E-03
+86.0000E-09,+4.8312499523164E+00,+494.3750060629E-03
+86.5000E-09,+4.8624999523163E+00,+497.5000061095E-03
+87.0000E-09,+4.8624999523163E+00,+494.3750060629E-03
+87.5000E-09,+4.8624999523163E+00,+494.3750060629E-03
+88.0000E-09,+4.8624999523162E+00,+494.3750060629E-03
+88.5000E-09,+4.8312499523163E+00,+491.2500060164E-03
+89.0000E-09,+4.8312499523163E+00,+494.3750060629E-03
+89.5000E-09,+4.8312499523163E+00,+494.3750060629E-03
+90.0000E-09,+4.8312499523164E+00,+494.3750060629E-03
+90.5000E-09,+4.8624999523163E+00,+497.5000061095E-03
+91.0000E-09,+4.8624999523162E+00,+497.5000061095E-03
+91.5000E-09,+4.8312499523163E+00,+497.5000061095E-03
+92.0000E-09,+4.8312499523163E+00,+494.3750060629E-03
+92.5000E-09,+4.8312499523163E+00,+500.6250061560E-03
+93.0000E-09,+4.8312499523163E+00,+500.6250061561E-03
+93.5000E-09,+4.8312499523163E+00,+503.7500062026E-03
+94.0000E-09,+4.8312499523163E+00,+503.7500062026E-03
+94.5000E-09,+4.8312499523164E+00,+500.6250061561E-03
+95.0000E-09,+4.8624999523162E+00,+506.8750062492E-03
+95.5000E-09,+4.8312499523164E+00,+503.7500062026E-03
+96.0000E-09,+4.8624999523163E+00,+506.8750062492E-03
+96.5000E-09,+4.8624999523162E+00,+503.7500062026E-03
+97.0000E-09,+4.8312499523163E+00,+500.6250061561E-03
+97.5000E-09,+4.8312499523164E+00,+503.7500062026E-03
+98.0000E-09,+4.8624999523163E+00,+500.6250061561E-03
+98.5000E-09,+4.8624999523163E+00,+503.7500062026E-03
+99.0000E-09,+4.8624999523163E+00,+500.6250061561E-03
+99.5000E-09,+4.8624999523163E+00,+503.7500062026E-03
+100.0000E-09,+4.8624999523163E+00,+500.6250061561E-03
+100.5000E-09,+4.8624999523163E+00,+503.7500062026E-03
+101.0000E-09,+4.8624999523163E+00,+506.8750062492E-03
+101.5000E-09,+4.8624999523163E+00,+506.8750062492E-03
+102.0000E-09,+4.8624999523164E+00,+510.0000062957E-03
+102.5000E-09,+4.8937499523162E+00,+506.8750062492E-03
+103.0000E-09,+4.8624999523164E+00,+506.8750062492E-03
+103.5000E-09,+4.8937499523162E+00,+506.8750062492E-03
+104.0000E-09,+4.8624999523163E+00,+506.8750062492E-03
+104.5000E-09,+4.8624999523163E+00,+503.7500062026E-03
+105.0000E-09,+4.8624999523164E+00,+506.8750062492E-03
+105.5000E-09,+4.8937499523162E+00,+503.7500062026E-03
+106.0000E-09,+4.8624999523163E+00,+500.6250061560E-03
+106.5000E-09,+4.8624999523164E+00,+500.6250061560E-03
+107.0000E-09,+4.8937499523163E+00,+497.5000061095E-03
+107.5000E-09,+4.8937499523163E+00,+497.5000061095E-03
+108.0000E-09,+4.8937499523163E+00,+494.3750060629E-03
+108.5000E-09,+4.8937499523163E+00,+497.5000061095E-03
+109.0000E-09,+4.8937499523162E+00,+500.6250061560E-03
+109.5000E-09,+4.8624999523164E+00,+500.6250061560E-03
+110.0000E-09,+4.8937499523163E+00,+497.5000061095E-03
+110.5000E-09,+4.8937499523162E+00,+500.6250061560E-03
+111.0000E-09,+4.8624999523164E+00,+500.6250061560E-03
+111.5000E-09,+4.8937499523162E+00,+500.6250061561E-03
+112.0000E-09,+4.8624999523163E+00,+503.7500062026E-03
+112.5000E-09,+4.8624999523163E+00,+497.5000061095E-03
+113.0000E-09,+4.8624999523164E+00,+497.5000061095E-03
+113.5000E-09,+4.8937499523163E+00,+497.5000061095E-03
+114.0000E-09,+4.8937499523162E+00,+494.3750060629E-03
+114.5000E-09,+4.8624999523164E+00,+494.3750060629E-03
+115.0000E-09,+4.8937499523163E+00,+494.3750060629E-03
+115.5000E-09,+4.8937499523163E+00,+497.5000061094E-03
+116.0000E-09,+4.8937499523163E+00,+488.1250059698E-03
+116.5000E-09,+4.8937499523163E+00,+491.2500060163E-03
+117.0000E-09,+4.8937499523162E+00,+491.2500060164E-03
+117.5000E-09,+4.8624999523163E+00,+494.3750060629E-03
+118.0000E-09,+4.8624999523163E+00,+491.2500060164E-03
+118.5000E-09,+4.8624999523164E+00,+494.3750060629E-03
+119.0000E-09,+4.8937499523162E+00,+494.3750060629E-03
+119.5000E-09,+4.8624999523163E+00,+494.3750060629E-03
+120.0000E-09,+4.8624999523163E+00,+497.5000061095E-03
+120.5000E-09,+4.8624999523162E+00,+497.5000061095E-03
+121.0000E-09,+4.8312499523164E+00,+497.5000061095E-03
+121.5000E-09,+4.8624999523162E+00,+500.6250061560E-03
+122.0000E-09,+4.8312499523163E+00,+494.3750060629E-03
+122.5000E-09,+4.8312499523164E+00,+497.5000061095E-03
+123.0000E-09,+4.8624999523163E+00,+497.5000061095E-03
+123.5000E-09,+4.8624999523162E+00,+497.5000061095E-03
+124.0000E-09,+4.8312499523163E+00,+494.3750060629E-03
+124.5000E-09,+4.8312499523164E+00,+497.5000061095E-03
+125.0000E-09,+4.8624999523163E+00,+500.6250061560E-03
+125.5000E-09,+4.8624999523162E+00,+497.5000061095E-03
+126.0000E-09,+4.8312499523164E+00,+494.3750060629E-03
+126.5000E-09,+4.8624999523163E+00,+494.3750060629E-03
+127.0000E-09,+4.8624999523162E+00,+494.3750060629E-03
+127.5000E-09,+4.8312499523163E+00,+497.5000061095E-03
+128.0000E-09,+4.8312499523163E+00,+497.5000061095E-03
+128.5000E-09,+4.8312499523163E+00,+497.5000061095E-03
+129.0000E-09,+4.8312499523163E+00,+497.5000061095E-03
+129.5000E-09,+4.8312499523163E+00,+500.6250061560E-03
+130.0000E-09,+4.8312499523163E+00,+497.5000061095E-03
+130.5000E-09,+4.8312499523164E+00,+500.6250061560E-03
+131.0000E-09,+4.8624999523162E+00,+500.6250061561E-03
+131.5000E-09,+4.8312499523163E+00,+503.7500062026E-03
+132.0000E-09,+4.8312499523163E+00,+500.6250061560E-03
+132.5000E-09,+4.8312499523163E+00,+500.6250061561E-03
+133.0000E-09,+4.8312499523164E+00,+503.7500062026E-03
+133.5000E-09,+4.8624999523162E+00,+503.7500062026E-03
+134.0000E-09,+4.8312499523163E+00,+503.7500062026E-03
+134.5000E-09,+4.8312499523163E+00,+500.6250061560E-03
+135.0000E-09,+4.8312499523163E+00,+500.6250061560E-03
+135.5000E-09,+4.8312499523163E+00,+500.6250061561E-03
+136.0000E-09,+4.8312499523163E+00,+503.7500062026E-03
+136.5000E-09,+4.8312499523162E+00,+503.7500062026E-03
+137.0000E-09,+4.7999999523164E+00,+503.7500062026E-03
+137.5000E-09,+4.8312499523163E+00,+500.6250061561E-03
+138.0000E-09,+4.8312499523163E+00,+506.8750062492E-03
+138.5000E-09,+4.8312499523164E+00,+503.7500062026E-03
+139.0000E-09,+4.8624999523162E+00,+500.6250061561E-03
+139.5000E-09,+4.8312499523164E+00,+506.8750062492E-03
+140.0000E-09,+4.8624999523162E+00,+500.6250061561E-03
+140.5000E-09,+4.8312499523164E+00,+503.7500062026E-03
+141.0000E-09,+4.8624999523162E+00,+503.7500062026E-03
+141.5000E-09,+4.8312499523163E+00,+503.7500062026E-03
+142.0000E-09,+4.8312499523164E+00,+500.6250061560E-03
+142.5000E-09,+4.8624999523162E+00,+500.6250061560E-03
+143.0000E-09,+4.8312499523164E+00,+500.6250061560E-03
+143.5000E-09,+4.8624999523163E+00,+497.5000061095E-03
+144.0000E-09,+4.8624999523163E+00,+503.7500062026E-03
+144.5000E-09,+4.8624999523162E+00,+497.5000061095E-03
+145.0000E-09,+4.8312499523163E+00,+500.6250061560E-03
+145.5000E-09,+4.8312499523164E+00,+500.6250061560E-03
+146.0000E-09,+4.8624999523163E+00,+500.6250061560E-03
+146.5000E-09,+4.8624999523164E+00,+500.6250061560E-03
+147.0000E-09,+4.8937499523162E+00,+500.6250061561E-03
+147.5000E-09,+4.8624999523164E+00,+503.7500062026E-03
+148.0000E-09,+4.8937499523163E+00,+494.3750060629E-03
+148.5000E-09,+4.8937499523163E+00,+497.5000061095E-03
+149.0000E-09,+4.8937499523163E+00,+500.6250061560E-03
+149.5000E-09,+4.8937499523162E+00,+497.5000061095E-03
+150.0000E-09,+4.8624999523164E+00,+497.5000061095E-03
+150.5000E-09,+4.8937499523162E+00,+497.5000061095E-03
+151.0000E-09,+4.8624999523164E+00,+494.3750060629E-03
+151.5000E-09,+4.8937499523162E+00,+494.3750060629E-03
+152.0000E-09,+4.8624999523163E+00,+494.3750060629E-03
+152.5000E-09,+4.8624999523163E+00,+491.2500060164E-03
+153.0000E-09,+4.8624999523163E+00,+494.3750060629E-03
+153.5000E-09,+4.8624999523163E+00,+494.3750060629E-03
+154.0000E-09,+4.8624999523163E+00,+494.3750060629E-03
+154.5000E-09,+4.8624999523163E+00,+494.3750060629E-03
+155.0000E-09,+4.8624999523163E+00,+494.3750060629E-03
+155.5000E-09,+4.8624999523161E+00,+497.5000061095E-03
+156.0000E-09,+4.8312499523164E+00,+497.5000061095E-03
+156.5000E-09,+4.8624999523161E+00,+500.6250061560E-03
+157.0000E-09,+4.8312499523163E+00,+500.6250061560E-03
+157.5000E-09,+4.8312499523164E+00,+500.6250061560E-03
+158.0000E-09,+4.8624999523163E+00,+497.5000061095E-03
+158.5000E-09,+4.8624999523163E+00,+500.6250061560E-03
+159.0000E-09,+4.8624999523163E+00,+497.5000061095E-03
+159.5000E-09,+4.8624999523163E+00,+497.5000061095E-03
+160.0000E-09,+4.8624999523163E+00,+497.5000061095E-03
+160.5000E-09,+4.8624999523161E+00,+494.3750060629E-03
+161.0000E-09,+4.8312499523163E+00,+497.5000061095E-03
+161.5000E-09,+4.8312499523163E+00,+494.3750060629E-03
+162.0000E-09,+4.8312499523163E+00,+491.2500060163E-03
+162.5000E-09,+4.8312499523163E+00,+491.2500060163E-03
+163.0000E-09,+4.8312499523163E+00,+491.2500060164E-03
+163.5000E-09,+4.8312499523161E+00,+494.3750060629E-03
+164.0000E-09,+4.7999999523164E+00,+494.3750060629E-03
+164.5000E-09,+4.8312499523161E+00,+494.3750060629E-03
+165.0000E-09,+4.7999999523163E+00,+497.5000061095E-03
+165.5000E-09,+4.7999999523164E+00,+500.6250061560E-03
+166.0000E-09,+4.8312499523163E+00,+500.6250061561E-03
+166.5000E-09,+4.8312499523163E+00,+503.7500062026E-03
+167.0000E-09,+4.8312499523163E+00,+506.8750062492E-03
+167.5000E-09,+4.8312499523163E+00,+506.8750062492E-03
+168.0000E-09,+4.8312499523163E+00,+510.0000062957E-03
+168.5000E-09,+4.8312499523163E+00,+503.7500062026E-03
+169.0000E-09,+4.8312499523163E+00,+503.7500062026E-03
+169.5000E-09,+4.8312499523163E+00,+506.8750062492E-03
+170.0000E-09,+4.8312499523163E+00,+503.7500062026E-03
+170.5000E-09,+4.8312499523163E+00,+500.6250061560E-03
+171.0000E-09,+4.8312499523163E+00,+497.5000061095E-03
+171.5000E-09,+4.8312499523161E+00,+497.5000061094E-03
+172.0000E-09,+4.7999999523165E+00,+491.2500060164E-03
+172.5000E-09,+4.8312499523165E+00,+494.3750060629E-03
+173.0000E-09,+4.8624999523161E+00,+497.5000061095E-03
+173.5000E-09,+4.8312499523163E+00,+494.3750060629E-03
+174.0000E-09,+4.8312499523165E+00,+497.5000061095E-03
+174.5000E-09,+4.8624999523163E+00,+500.6250061560E-03
+175.0000E-09,+4.8624999523163E+00,+500.6250061561E-03
+175.5000E-09,+4.8624999523161E+00,+503.7500062026E-03
+176.0000E-09,+4.8312499523165E+00,+503.7500062026E-03
+176.5000E-09,+4.8624999523163E+00,+503.7500062026E-03
+177.0000E-09,+4.8624999523161E+00,+503.7500062026E-03
+177.5000E-09,+4.8312499523165E+00,+506.8750062492E-03
+178.0000E-09,+4.8624999523163E+00,+506.8750062492E-03
+178.5000E-09,+4.8624999523163E+00,+506.8750062492E-03
+179.0000E-09,+4.8624999523161E+00,+503.7500062026E-03
+179.5000E-09,+4.8312499523165E+00,+506.8750062491E-03
+180.0000E-09,+4.8624999523161E+00,+500.6250061560E-03
+180.5000E-09,+4.8312499523165E+00,+497.5000061095E-03
+181.0000E-09,+4.8624999523161E+00,+500.6250061560E-03
+181.5000E-09,+4.8312499523165E+00,+497.5000061094E-03
+182.0000E-09,+4.8624999523163E+00,+491.2500060164E-03
+182.5000E-09,+4.8624999523163E+00,+494.3750060629E-03
+183.0000E-09,+4.8624999523163E+00,+491.2500060164E-03
+183.5000E-09,+4.8624999523163E+00,+494.3750060629E-03
+184.0000E-09,+4.8624999523163E+00,+494.3750060629E-03
+184.5000E-09,+4.8624999523163E+00,+494.3750060629E-03
+185.0000E-09,+4.8624999523163E+00,+494.3750060629E-03
+185.5000E-09,+4.8624999523163E+00,+494.3750060629E-03
+186.0000E-09,+4.8624999523163E+00,+497.5000061095E-03
+186.5000E-09,+4.8624999523163E+00,+500.6250061560E-03
+187.0000E-09,+4.8624999523163E+00,+497.5000061095E-03
+187.5000E-09,+4.8624999523165E+00,+503.7500062026E-03
+188.0000E-09,+4.8937499523161E+00,+500.6250061561E-03
+188.5000E-09,+4.8624999523163E+00,+503.7500062026E-03
+189.0000E-09,+4.8624999523163E+00,+503.7500062026E-03
+189.5000E-09,+4.8624999523163E+00,+503.7500062026E-03
+190.0000E-09,+4.8624999523163E+00,+497.5000061095E-03
+190.5000E-09,+4.8624999523163E+00,+497.5000061095E-03
+191.0000E-09,+4.8624999523163E+00,+497.5000061095E-03
+191.5000E-09,+4.8624999523161E+00,+497.5000061095E-03
+192.0000E-09,+4.8312499523165E+00,+494.3750060629E-03
+192.5000E-09,+4.8624999523161E+00,+488.1250059698E-03
+193.0000E-09,+4.8312499523163E+00,+491.2500060163E-03
+193.5000E-09,+4.8312499523165E+00,+491.2500060163E-03
+194.0000E-09,+4.8624999523161E+00,+491.2500060163E-03
+194.5000E-09,+4.8312499523165E+00,+491.2500060163E-03
+195.0000E-09,+4.8624999523161E+00,+491.2500060164E-03
+195.5000E-09,+4.8312499523165E+00,+494.3750060629E-03
+196.0000E-09,+4.8624999523161E+00,+494.3750060629E-03
+196.5000E-09,+4.8312499523165E+00,+497.5000061095E-03
+197.0000E-09,+4.8624999523163E+00,+500.6250061560E-03
+197.5000E-09,+4.8624999523163E+00,+500.6250061560E-03
+198.0000E-09,+4.8624999523165E+00,+500.6250061560E-03
+198.5000E-09,+4.8937499523161E+00,+500.6250061561E-03
+199.0000E-09,+4.8624999523163E+00,+503.7500062026E-03
+199.5000E-09,+4.8624999523163E+00,+506.8750062492E-03
+200.0000E-09,+4.8624999523161E+00,+503.7500062026E-03
+200.5000E-09,+4.8312499523163E+00,+500.6250061560E-03
+201.0000E-09,+4.8312499523165E+00,+500.6250061560E-03
+201.5000E-09,+4.8624999523161E+00,+497.5000061095E-03
+202.0000E-09,+4.8312499523165E+00,+497.5000061095E-03
+202.5000E-09,+4.8624999523163E+00,+494.3750060629E-03
+203.0000E-09,+4.8624999523161E+00,+494.3750060629E-03
+203.5000E-09,+4.8312499523163E+00,+494.3750060629E-03
+204.0000E-09,+4.8312499523165E+00,+491.2500060164E-03
+204.5000E-09,+4.8624999523163E+00,+494.3750060629E-03
+205.0000E-09,+4.8624999523163E+00,+497.5000061095E-03
+205.5000E-09,+4.8624999523161E+00,+497.5000061095E-03
+206.0000E-09,+4.8312499523165E+00,+497.5000061095E-03
+206.5000E-09,+4.8624999523163E+00,+500.6250061560E-03
+207.0000E-09,+4.8624999523163E+00,+500.6250061560E-03
+207.5000E-09,+4.8624999523163E+00,+500.6250061561E-03
+208.0000E-09,+4.8624999523163E+00,+503.7500062026E-03
+208.5000E-09,+4.8624999523161E+00,+503.7500062026E-03
+209.0000E-09,+4.8312499523163E+00,+503.7500062026E-03
+209.5000E-09,+4.8312499523163E+00,+503.7500062026E-03
+210.0000E-09,+4.8312499523163E+00,+503.7500062026E-03
+210.5000E-09,+4.8312499523165E+00,+503.7500062026E-03
+211.0000E-09,+4.8624999523161E+00,+500.6250061561E-03
+211.5000E-09,+4.8312499523163E+00,+506.8750062491E-03
+212.0000E-09,+4.8312499523165E+00,+497.5000061095E-03
+212.5000E-09,+4.8624999523161E+00,+497.5000061095E-03
+213.0000E-09,+4.8312499523165E+00,+500.6250061560E-03
+213.5000E-09,+4.8624999523161E+00,+500.6250061560E-03
+214.0000E-09,+4.8312499523165E+00,+497.5000061095E-03
+214.5000E-09,+4.8624999523163E+00,+500.6250061560E-03
+215.0000E-09,+4.8624999523163E+00,+497.5000061095E-03
+215.5000E-09,+4.8624999523163E+00,+497.5000061095E-03
+216.0000E-09,+4.8624999523163E+00,+497.5000061095E-03
+216.5000E-09,+4.8624999523163E+00,+500.6250061560E-03
+217.0000E-09,+4.8624999523163E+00,+500.6250061560E-03
+217.5000E-09,+4.8624999523161E+00,+500.6250061560E-03
+218.0000E-09,+4.8312499523165E+00,+500.6250061561E-03
+218.5000E-09,+4.8624999523163E+00,+503.7500062026E-03
+219.0000E-09,+4.8624999523163E+00,+506.8750062492E-03
+219.5000E-09,+4.8624999523163E+00,+503.7500062026E-03
+220.0000E-09,+4.8624999523165E+00,+500.6250061561E-03
+220.5000E-09,+4.8937499523161E+00,+503.7500062026E-03
+221.0000E-09,+4.8624999523163E+00,+503.7500062026E-03
+221.5000E-09,+4.8624999523163E+00,+500.6250061560E-03
+222.0000E-09,+4.8624999523165E+00,+500.6250061560E-03
+222.5000E-09,+4.8937499523161E+00,+497.5000061095E-03
+223.0000E-09,+4.8624999523163E+00,+497.5000061095E-03
+223.5000E-09,+4.8624999523163E+00,+497.5000061095E-03
+224.0000E-09,+4.8624999523161E+00,+497.5000061095E-03
+224.5000E-09,+4.8312499523163E+00,+497.5000061095E-03
+225.0000E-09,+4.8312499523165E+00,+497.5000061095E-03
+225.5000E-09,+4.8624999523160E+00,+494.3750060629E-03
+226.0000E-09,+4.8312499523163E+00,+494.3750060629E-03
+226.5000E-09,+4.8312499523165E+00,+497.5000061095E-03
+227.0000E-09,+4.8624999523160E+00,+497.5000061095E-03
+227.5000E-09,+4.8312499523163E+00,+500.6250061560E-03
+228.0000E-09,+4.8312499523165E+00,+497.5000061095E-03
+228.5000E-09,+4.8624999523163E+00,+500.6250061561E-03
+229.0000E-09,+4.8624999523163E+00,+503.7500062026E-03
+229.5000E-09,+4.8624999523163E+00,+503.7500062026E-03
+230.0000E-09,+4.8624999523163E+00,+500.6250061561E-03
+230.5000E-09,+4.8624999523163E+00,+503.7500062026E-03
+231.0000E-09,+4.8624999523163E+00,+500.6250061560E-03
+231.5000E-09,+4.8624999523163E+00,+500.6250061560E-03
+232.0000E-09,+4.8624999523160E+00,+500.6250061560E-03
+232.5000E-09,+4.8312499523163E+00,+500.6250061560E-03
+233.0000E-09,+4.8312499523165E+00,+497.5000061095E-03
+233.5000E-09,+4.8624999523163E+00,+497.5000061095E-03
+234.0000E-09,+4.8624999523160E+00,+494.3750060629E-03
+234.5000E-09,+4.8312499523165E+00,+497.5000061095E-03
+235.0000E-09,+4.8624999523163E+00,+497.5000061095E-03
+235.5000E-09,+4.8624999523163E+00,+497.5000061095E-03
+236.0000E-09,+4.8624999523160E+00,+497.5000061095E-03
+236.5000E-09,+4.8312499523165E+00,+497.5000061095E-03
+237.0000E-09,+4.8624999523163E+00,+500.6250061560E-03
+237.5000E-09,+4.8624999523163E+00,+500.6250061560E-03
+238.0000E-09,+4.8624999523165E+00,+500.6250061561E-03
+238.5000E-09,+4.8937499523158E+00,+503.7500062026E-03
+239.0000E-09,+4.8312499523165E+00,+500.6250061560E-03
+239.5000E-09,+4.8624999523160E+00,+500.6250061561E-03
+240.0000E-09,+4.8312499523163E+00,+506.8750062491E-03
+240.5000E-09,+4.8312499523163E+00,+500.6250061560E-03
+241.0000E-09,+4.8312499523163E+00,+500.6250061560E-03
+241.5000E-09,+4.8312499523163E+00,+500.6250061560E-03
+242.0000E-09,+4.8312499523163E+00,+497.5000061095E-03
+242.5000E-09,+4.8312499523165E+00,+500.6250061560E-03
+243.0000E-09,+4.8624999523160E+00,+497.5000061095E-03
+243.5000E-09,+4.8312499523163E+00,+500.6250061560E-03
+244.0000E-09,+4.8312499523163E+00,+494.3750060629E-03
+244.5000E-09,+4.8312499523163E+00,+494.3750060630E-03
+245.0000E-09,+4.8312499523165E+00,+500.6250061560E-03
+245.5000E-09,+4.8624999523163E+00,+500.6250061560E-03
+246.0000E-09,+4.8624999523163E+00,+497.5000061095E-03
+246.5000E-09,+4.8624999523163E+00,+497.5000061095E-03
+247.0000E-09,+4.8624999523163E+00,+500.6250061561E-03
+247.5000E-09,+4.8624999523161E+00,+503.7500062026E-03
+248.0000E-09,+4.8312499523163E+00,+503.7500062026E-03
+248.5000E-09,+4.8312499523163E+00,+503.7500062026E-03
+249.0000E-09,+4.8312499523163E+00,+503.7500062026E-03
+249.5000E-09,,
